"species","Ukern","stage","pred","pred.sd","esd.min","esd.max","ops","ops.mod","imax.mod","rmse","fmax","imax","acclimation.time..h","temp","ops.sd","ops.mod.sd","imax.mod.sd","rmse.sd","fmax.sd","imax.sd","acclimation.time..h.sd","temp.sd","ops.5","ops.mod.5","imax.mod.5","rmse.5","fmax.5","imax.5","acclimation.time..h.5","temp.5","ops.95","ops.mod.95","imax.mod.95","rmse.95","fmax.95","imax.95","acclimation.time..h.95","temp.95","type","detail","ac","stage.group"
"Acartia clausi","Acartia clausi_C_selectivity","C",353,0,25,35,25,NA,NA,NA,NA,NA,NA,NA,NA,NA,NA,NA,NA,NA,NA,NA,NA,NA,NA,NA,NA,NA,NA,NA,NA,NA,NA,NA,NA,NA,NA,NA,NA,"mixed","S","C"
"Acartia erythraea","Acartia erythraea_A_selectivity","A",401.555447758282,1.99346602913371,3.127,62.5392,32.2379,26.6560200884559,NA,1.99019932999852,NA,NA,NA,25,NA,NA,NA,NA,NA,NA,NA,NA,32.2379,26.6560200884559,NA,1.99019932999852,NA,NA,NA,25,32.2379,26.6560200884559,NA,1.99019932999852,NA,NA,NA,25,NA,"mixed","S","A"
"Acartia grani","Acartia grani_A_Fmax.at.15.degreeC..ml.mgC.1.h.1.","A",403.2693,4.32475857913853,7.53,19.27,19.27,34.8222959583955,0.100409425912231,0.154954354853045,177.691112897254,0.0799758050433508,24,17.5,0,3.98632001444199e-05,0.00534807011571545,7.17868409402869e-08,9.46429751169796,0.00425972239312551,0,0,19.27,34.8222349116262,0.0934683926282263,0.154954226988643,165.407726433402,0.0744472577508749,24,17.5,19.27,34.8223472276479,0.108150850065418,0.154954441031569,191.390674313287,0.0861417490521635,24,17.5,NA,"mixed","S","A"
"Acartia hudsonica","Acartia hudsonica_A_Fmax.at.15.degreeC..ml.mgC.1.h.1.","A",434.568823423727,4.04723035264567,11.8121178516514,13.4783063434755,13.4103163741326,13.6939340712221,0.0579026269673606,0.0308977602876805,401.571572675307,0.0570454634978982,72,4.875,0.304060386477658,0.621119586312925,0.0126992732016365,0.00893812329372196,90.0138785716265,0.0129973840374511,0,1.67705098312484,13.4103163741326,13.2078184920163,0.0427897760936934,0.0167023637775931,290.220497392165,0.0411946718497129,72,4.5,13.4783063434755,14.9842323798883,0.0750288557482796,0.0442588193125766,524.358694879595,0.0746423004925318,72,4.87500000000001,NA,"mixed","S","A"
"Acartia tonsa","Acartia tonsa_C_selectivity","C",444,NA,32,32,32,NA,NA,NA,NA,NA,NA,NA,NA,NA,NA,NA,NA,NA,NA,NA,NA,NA,NA,NA,NA,NA,NA,NA,NA,NA,NA,NA,NA,NA,NA,NA,"active","mixed","S","C"
"Acartia tonsa","Acartia tonsa_A_selectivity","A",476,24.2441287279576,4,153,14.65,NA,NA,NA,NA,NA,NA,NA,NA,NA,NA,NA,NA,NA,NA,NA,NA,NA,NA,NA,NA,NA,NA,NA,NA,NA,NA,NA,NA,NA,NA,NA,"active","mixed","S","A"
"Acartia tonsa","Acartia tonsa_A_Fmax.at.15.degreeC..ml.mgC.1.h.1.","A",371.312929569147,1.72785989005527,3.88700012380694,22.2548611992956,15.4017312529071,17.0985144238147,0.110079044356114,0.430693696850082,1916.38375865408,0.0810736678021252,24,18,0,0.251569150842391,0.0288707203164936,0.0124501947934515,124.095968405942,0.0052499481237476,0,0,15.4017312529071,16.8110733955475,0.0832426403278644,0.415556895746158,1777.60135663094,0.0752024020352378,24,18,15.4017312529071,17.4228432026671,0.155958288830499,0.446936059162222,2096.79556559736,0.0887060884160284,24,18,"active","mixed","S","A"
"Acartia tonsa","Acartia tonsa_NII-III_selectivity","NII-III",102.538461538462,6.69098130091773,4,14.7,7,NA,NA,NA,NA,NA,NA,NA,NA,NA,NA,NA,NA,NA,NA,NA,NA,NA,NA,NA,NA,NA,NA,NA,NA,NA,NA,NA,NA,NA,NA,NA,"active","mixed","S","N"
"Acartia tonsa","Acartia tonsa_A_Fmax.at.15.degreeC..ml.mgC.1.h.1.","A",371.312929569147,1.72785989005527,3.88700012380694,22.2548611992956,11.0106136648522,12.3744517734559,0.0223933035145608,0.430693696850082,1111,0.043829041311795,24,15,0,0.827251445889444,0.00111755424358769,0.0124501947934515,0,0,0,0,11.0106136648522,11.4003166898934,0.0211514036448037,0.415556895746158,1111,0.043829041311795,24,15,11.0106136648522,13.3958582139852,0.0235250245279652,0.446936059162222,1111,0.043829041311795,24,15,"active","mixed","S","A"
"Acartia tonsa","Acartia tonsa_NIV-V_selectivity","NIV-V",135,0,2.6,17.5,4,NA,NA,NA,NA,NA,NA,NA,NA,NA,NA,NA,NA,NA,NA,NA,NA,NA,NA,NA,NA,NA,NA,NA,NA,NA,NA,NA,NA,NA,NA,NA,"active","mixed","S","N"
"Acartia tonsa","Acartia tonsa_CIII-IV_selectivity","CIII-IV",279,0,4.4,14.5,14.5,NA,NA,NA,NA,NA,NA,NA,NA,NA,NA,NA,NA,NA,NA,NA,NA,NA,NA,NA,NA,NA,NA,NA,NA,NA,NA,NA,NA,NA,NA,NA,"active","mixed","S","C"
"Acartia tonsa","Acartia tonsa_A_Imax.at.15.degreeC..mugC.mugC.1.h.1.","A",403.83891531256,4.33086727303068,7.39796739417568,29.8277144132867,7.39796739417568,11.0391249932865,0.199025633265261,0.0891434749375595,NA,0.167333333333333,72,15,0,5.56219610884283e-06,0.00155322218850018,0.00531448864860134,NA,0,0,0,7.39796739417568,11.0391163853496,0.196835408441034,0.0808050408206506,NA,0.167333333333333,72,15,7.39796739417568,11.0391308769987,0.20147109241696,0.0966606357796218,NA,0.167333333333333,72,15,"active","mixed","S","A"
"Aetideus divergens","Aetideus divergens_A_Fmax.at.15.degreeC..ml.mgC.1.h.1.","A",695.948289829679,6.46359760197835,11.7773663418043,229.331299475726,229.331299475726,184.468706146923,0.0435052722544468,0.0104113408399007,775.612272083939,0.0425529509097439,12,12,0,0.0981683865322427,0.0024059198204723,8.01754014920531e-06,42.9000442055833,0.00235365470714015,0,0,229.331299475726,184.321559098791,0.0400591982492242,0.0104067241453653,714.206041673657,0.039183978547844,12,12,229.331299475726,184.524504098627,0.0471274871946177,0.0104226531024507,840.235096557584,0.0460983974897567,12,12,"active","ambusher","A","A"
"Calanus finmarchicus","Calanus finmarchicus_A_Fmax.at.15.degreeC..ml.mgC.1.h.1.","A",1182.95289010693,6.62519159007447,3,17,17,29.9597399759923,NA,0.666621384353425,86.3548397394667,NA,4,13,0,2.14220843468525e-05,NA,3.87188078628351e-08,2.78911201937037,NA,0,0,17,29.9597198659,NA,0.66662132052372,82.6520921954553,NA,4,13,17,29.9597726444916,NA,0.66662141147884,90.1363719646845,NA,4,13,"active","filter","A","A"
"Calanus finmarchicus","Calanus finmarchicus_A_selectivity","A",855,0,7,137,80,NA,NA,NA,NA,NA,NA,NA,NA,NA,NA,NA,NA,NA,NA,NA,NA,NA,NA,NA,NA,NA,NA,NA,NA,NA,NA,NA,NA,NA,NA,NA,"active","filter","A","A"
"Calanus helgolandicus","Calanus helgolandicus_A_selectivity","A",713.225539817105,5.95291069673218,78.472670007155,194.647627541957,78.472670007155,32.7933175328435,NA,0.345319054715961,NA,NA,NA,14,NA,NA,NA,NA,NA,NA,NA,NA,78.472670007155,32.7933175328435,NA,0.345319054715961,NA,NA,NA,14,78.472670007155,32.7933175328435,NA,0.345319054715961,NA,NA,NA,14,"active","filter","A","A"
"Calanus helgolandicus","Calanus helgolandicus_NVI_Fmax.at.15.degreeC..ml.mgC.1.h.1.","NVI",311.59194,2.59163410330557,4.5,26.5,26.5,51.0381152794185,0.0607422640670829,0.114780044400564,142.745080237874,0.0677027974299433,3,12,0,4.05074170094406e-05,0.00353760904282257,6.44843258333712e-08,8.31347977498997,0.0039430139112755,0,0,26.5,51.0380695446791,0.0550352427738746,0.114779965165571,129.333347451695,0.0613417247646429,3,12,26.5,51.0381444640933,0.0659141412685948,0.114780145122845,154.899821746763,0.0734676896477229,3,12,"active","filter","A","N"
"Calanus helgolandicus","Calanus helgolandicus_NIII_Fmax.at.15.degreeC..ml.mgC.1.h.1.","NIII",188.19384,1.56441321656632,4.5,26.5,26.5,51.0380949424993,0.176367617567754,0.212367429789195,396.301250393888,0.169143339263538,3,12,0,6.89381870782784e-05,0.00939998247803303,1.0407767926444e-07,21.1215978391947,0.00901480271776105,0,0,26.5,51.0379677040285,0.162108754747756,0.212367337454251,364.262193606416,0.155468910917675,3,12,26.5,51.038160929011,0.189708295179562,0.21236765214201,426.276656052218,0.18193699107208,3,12,"active","filter","A","N"
"Calanus helgolandicus","Calanus helgolandicus_NV_Fmax.at.15.degreeC..ml.mgC.1.h.1.","NV",273.94452,2.27862131310235,4.5,26.5,26.5,18.2345882100912,0.0738598178853051,0.113995012137938,135.042168699799,0.0632574361998201,3,12,0,9.54624654718535e-06,0.00372782062812275,1.4159912491294e-07,6.81580427447639,0.00319270867903199,0,0,26.5,18.2345737783229,0.0668449769138622,0.113994812190227,122.216567483376,0.0572495746667624,3,12,26.5,18.2346019225748,0.0789052376020573,0.113995266133415,144.267036709597,0.0675786160594146,3,12,"active","filter","A","N"
"Calanus helgolandicus","Calanus helgolandicus_NIV_Fmax.at.15.degreeC..ml.mgC.1.h.1.","NIV",227.38956,1.89077152156752,4.5,26.5,26.5,30.2447386602482,0.09854632870283,0.13740237524576,204.247292348458,0.0977596159594573,3,12,0,8.03778588803703e-05,0.00594745519071987,1.71235987116575e-07,12.3266899956588,0.00589996795634868,0,0,26.5,30.2446413460828,0.08850697727556,0.137402234155814,183.43974145084,0.0878004230545268,3,12,26.5,30.2448579908381,0.10570258969548,0.137402705121184,219.079437747559,0.104858779044553,3,12,"active","filter","A","N"
"Calanus pacificus","Calanus pacificus_NIII_Fmax.at.15.degreeC..ml.mgC.1.h.1.","NIII",196.624352579007,2.10864763492689,12.3,34.8,29.6,20.6891318192234,0.0724823438187119,6.55143464406184e-08,168,0.0709228652138638,NA,15,0,2.67142388421845e-06,1.16086954064988e-08,2.53828126184994e-08,0,0,NA,0,29.6,20.6891264022154,0.0724823361012893,2.3500637766581e-08,168,0.0709228652138638,NA,15,29.6,20.6891334224256,0.0724823646745164,8.25166359205913e-08,168,0.0709228652138638,NA,15,"active","filter","A","N"
"Calanus pacificus","Calanus pacificus_NVI_Fmax.at.15.degreeC..ml.mgC.1.h.1.","NVI",264.575171625369,2.19781644781276,4.3,29.6,28.7,25.3020757096416,0.0660633723768392,0.28030228230191,642,0.0651177726291486,NA,15,0,0.354181903218696,0.000963017047776202,0.000270550821033987,0,0,NA,0,28.7,24.8795728389113,0.0638170505630957,0.280222943844815,642,0.0651177726291486,NA,15,28.7,25.3880516665153,0.0665659490843739,0.280408818332477,642,0.0651177726291486,NA,15,"active","filter","A","N"
"Calanus pacificus","Calanus pacificus_CI_Fmax.at.15.degreeC..ml.mgC.1.h.1.","CI",288.049499612127,2.67525056408954,11,29.6,28.7,19.6362849169464,0.0556822652721,0.162801012654216,816,0.0354484771774564,NA,15,0,7.87214552780147e-06,1.0726528560738e-07,1.3891723948349e-07,0,0,NA,0,28.7,19.6362774630504,0.0556821348297046,0.162800833909849,816,0.0354484771774564,NA,15,28.7,19.6362976033017,0.0556824234968617,0.162801186794197,816,0.0354484771774564,NA,15,"active","filter","A","C"
"Calanus pacificus","Calanus pacificus_NV_Fmax.at.15.degreeC..ml.mgC.1.h.1.","NV",235.500633418102,1.65337129901316,4.3,34.8,28.7,28.7234727382979,0.0666409203814105,0.32450689723402,861,0.069559437427,NA,15,0,0.106779831291812,0.000295228565789819,0.000112344989502804,0,0,NA,0,28.7,28.5638648417107,0.0662671389773658,0.324364718594488,861,0.069559437427,NA,15,28.7,28.9007876758079,0.0670684090368672,0.324719495675102,861,0.069559437427,NA,15,"active","filter","A","N"
"Calanus pacificus","Calanus pacificus_NV_Fmax.at.15.degreeC..ml.mgC.1.h.1.","NV",235.500633418102,1.65337129901316,4.3,34.8,12.3,10.9039722632003,0.0196172645605825,0.32450689723402,484,0.056798966047463,NA,15,0,0.0715482639186815,5.91609242023771e-05,0.000112344989502804,0,0,NA,0,12.3,10.8021201474667,0.0195563102601435,0.324364718594488,484,0.056798966047463,NA,15,12.3,11.0145681624694,0.0197564076615197,0.324719495675102,484,0.056798966047463,NA,15,"active","filter","A","N"
"Calanus pacificus","Calanus pacificus_A_Fmax.at.15.degreeC..ml.mgC.1.h.1.","A",1066.79084390575,11.4405258578519,35,87,87,210.714717948012,0.0235462229139616,0.0670290956506059,293.881253910333,0.0191546754600152,NA,12.5,0,2.41198977991457,0.0012903585377214,0.000205899198682681,15.0525020953813,0.000981096237551106,NA,0,87,206.393871440513,0.0218839188002619,0.0669313590223467,274.069356932954,0.0178633700371633,NA,12.5,87,212.530560968136,0.0253374305854826,0.067184010720102,315.086920436911,0.0205368243886224,NA,12.5,"active","filter","A","A"
"Calanus sinicus","Calanus sinicus_A_Fmax.at.15.degreeC..ml.mgC.1.h.1.","A",820.803407029467,7.6485071249216,6.14531790947364,26.4756929640592,17.233071739704,15.3235705961247,0.0203099629131065,0.14114626162155,84.7352692821453,0.0200604020743021,24,18,0,0.50726410245053,0.00114746019164165,0.00560557044708741,5.40300520246212,0.00127911857351912,0,0,17.233071739704,14.6701203775797,0.018770444520582,0.133391021764983,77.4261318166668,0.0183300218251331,24,18,17.233071739704,16.0417183935989,0.0218831350160357,0.148624703969066,92.087179798659,0.02180090850362,24,18,"active","filter","A","A"
"Calanus sp","Calanus sp_A_Fmax.at.15.degreeC..ml.mgC.1.h.1.","A",824.515895804388,6.84922393189598,0.8,22,22,24.0130905059655,NA,0.646650805945528,23.1343778570618,NA,4,22,0,0.000595817923130275,NA,5.22608106891872e-09,3.54857918441493,NA,0,0,22,24.0122994041631,NA,0.646650796202954,18.3870221089318,NA,4,22,22,24.0141622205688,NA,0.646650809720787,28.0849756543802,NA,4,22,"active",NA,"A","A"
"Centropages hamatus","Centropages hamatus_C_Fmax.at.15.degreeC..ml.mgC.1.h.1.","C",139.789372767648,0.668650037065812,11.4,39.4,13.3,21.6475666452266,0.0712498874830791,0.497661554724985,1289.0625,0.035625,NA,15,0,0,0,0,0,0,NA,0,13.3,21.6475666452266,0.0712498874830791,0.497661554724985,1289.0625,0.035625,NA,15,13.3,21.6475666452266,0.0712498874830791,0.497661554724985,1289.0625,0.035625,NA,15,NA,"mixed","S","C"
"Centropages hamatus","Centropages hamatus_N_Fmax.at.15.degreeC..ml.mgC.1.h.1.","N",136.096658518354,0.39451567765793,8.6,39.4,13.3,18.3085472920712,0.0580654125468275,0.597562656340571,1485.50724637681,0.0385507246376812,NA,15,0,1.43335750612735e-06,1.53019047365932e-07,2.63067150874141e-07,0,0,NA,0,13.3,18.3085456518647,0.058065114760887,0.597562339146474,1485.50724637681,0.0385507246376812,NA,15,13.3,18.308550613204,0.0580655965258557,0.597563119451192,1485.50724637681,0.0385507246376812,NA,15,NA,"mixed","S","N"
"Centropages typicus","Centropages typicus_A_selectivity","A",559,0,9.2,120,32,NA,NA,NA,NA,NA,NA,NA,NA,NA,NA,NA,NA,NA,NA,NA,NA,NA,NA,NA,NA,NA,NA,NA,NA,NA,NA,NA,NA,NA,NA,NA,NA,"mixed","S","A"
"Centropages yamadai","Centropages yamadai_A_selectivity","A",534.091761414489,2.65142407795415,3.0135,63.7588,9.9602,9.90819147137768,NA,0.840075183559921,NA,NA,NA,25,NA,NA,NA,NA,NA,NA,NA,NA,9.9602,9.90819147137768,NA,0.840075183559921,NA,NA,NA,25,9.9602,9.90819147137768,NA,0.840075183559921,NA,NA,NA,25,"mixed",NA,"S","A"
"Centropages yamadai","Centropages yamadai_A_selectivity","A",534.091761414489,2.65142407795415,3.0135,63.7588,25.2002,25.2243206441077,NA,0.840075183559921,NA,NA,NA,25,NA,NA,NA,NA,NA,NA,NA,NA,25.2002,25.2243206441077,NA,0.840075183559921,NA,NA,NA,25,25.2002,25.2243206441077,NA,0.840075183559921,NA,NA,NA,25,"mixed",NA,"S","A"
"Clausocalanus lividus","Clausocalanus lividus_A_Fmax.at.15.degreeC..ml.mgC.1.h.1.","A",627.851419224275,4.77516252370582,6.8,27.8,27.8,47.8883046803402,0.0468372938223351,0.189545364184554,480.462094092887,0.0354466024878209,24,13.9,0,3.97597788230769,0.00392573190453096,0.0103671793043414,8.54366319258398,0.000630317847548662,0,0,27.8,41.4573600765818,0.0407746839517106,0.178243924249125,469.414975116163,0.0346315895246382,24,13.9,27.8,53.7749516945869,0.0522112401877365,0.208931866267554,496.237780595632,0.0366104705542311,24,13.9,"active","filter","A","A"
"Corycaeus anglicus","Corycaeus anglicus_A_Fmax.at.15.degreeC..ml.mgC.1.h.1.","A",319.9476,0.421793170714458,70.22888,715.919005295422,383.825490175388,888.748487334498,NA,0.918892057021003,80.9902,NA,NA,15,0,230.924670476756,NA,0.0235951875984537,0,NA,NA,0,383.825490175388,643.191171557549,NA,0.881863302184494,80.9902,NA,NA,15,383.825490175388,1340.55748802711,NA,0.938917082526277,80.9902,NA,NA,15,"passive","ambusher","P","A"
"Corycaeus anglicus","Corycaeus anglicus_A_Fmax.at.15.degreeC..ml.mgC.1.h.1.","A",319.9476,0.421793170714458,70.22888,715.919005295422,242.782125020546,289.895768421872,NA,0.918892057021003,52.64363,NA,NA,15,0,12.945189380296,NA,0.0235951875984537,0,NA,NA,0,242.782125020546,269.091313985481,NA,0.881863302184494,52.64363,NA,NA,15,242.782125020546,300.761631291238,NA,0.938917082526277,52.64363,NA,NA,15,"passive","ambusher","P","A"
"Diacyclops thomasi","Diacyclops thomasi_A_Fmax.at.15.degreeC..ml.mgC.1.h.1.","A",520,34.6738046264428,140,680,180,311.488034406075,NA,2.45404270757848,377.406839020783,NA,84,16,0,4.50884481245623e-05,NA,1.6299568754273e-07,8.56644422725871,NA,0,0,180,311.48797721173,NA,2.45404254829109,367.505006176308,NA,84,16,180,311.48809873469,NA,2.45404292766425,391.168470646469,NA,84,16,"active","cruiser","A","A"
"Diaptomus graciloides","Diaptomus graciloides_A_selectivity","A",325,0,27,35,31,NA,NA,NA,NA,NA,NA,NA,NA,NA,NA,NA,NA,NA,NA,NA,NA,NA,NA,NA,NA,NA,NA,NA,NA,NA,NA,NA,NA,NA,NA,NA,"active","filter","A","A"
"Diaptomus siclis","Diaptomus siclis_C_selectivity","C",398,0,4,22,14.1,NA,NA,NA,NA,NA,NA,NA,NA,NA,NA,NA,NA,NA,NA,NA,NA,NA,NA,NA,NA,NA,NA,NA,NA,NA,NA,NA,NA,NA,NA,NA,"active","filter","A","C"
"Eucalanus pilcatus","Eucalanus pilcatus_CIII-IV_Fmax.at.15.degreeC..ml.mgC.1.h.1.","CIII-IV",589.291985830288,11.6181596792361,5.94471932086806,32.5155642083573,10.7474370846897,13.0042519311621,NA,2.79372549414475,286.955307756054,NA,0,21.5,0,0.233436252348779,NA,0.00294475069076629,38.4183973476352,NA,0,0,10.7474370846897,12.9393292708536,NA,2.792583060479,237.444564721393,NA,0,21.5,10.7474370846897,13.0131456753642,NA,2.79433097412768,351.292385382973,NA,0,21.5,"active","filter","A","C"
"Euchaeta elongata","Euchaeta elongata_A_Fmax.at.15.degreeC..ml.mgC.1.h.1.","A",2166.78994371608,29.6971324759239,126.219717533806,870.496780377864,303.854146524223,240.558295467519,NA,1.26064389870259,2299.02219930869,NA,NA,8,0,0.644189506212241,NA,0.0001570584333133,332.817517460892,NA,NA,0,303.854146524223,239.963265078964,NA,1.26044094772951,1745.99680557092,NA,NA,8,303.854146524223,241.437966981622,NA,1.26081146412475,2705.47964175161,NA,NA,8,"active","cruiser","A","A"
"Euchaeta elongata","Euchaeta elongata_A_Fmax.at.15.degreeC..ml.mgC.1.h.1.","A",2166.78994371608,29.6971324759239,126.219717533806,870.496780377864,557.37768026318,506.494704220556,NA,1.26064389870259,2627.5217741712,NA,NA,8,0,0.110730292422614,NA,0.0001570584333133,380.372696799992,NA,NA,0,557.37768026318,506.384174177708,NA,1.26044094772951,1995.47643587366,NA,NA,8,557.37768026318,506.633928599158,NA,1.26081146412475,3092.05655796486,NA,NA,8,"active","cruiser","A","A"
"Eurytemora affinis","Eurytemora affinis_A_Fmax.at.15.degreeC..ml.mgC.1.h.1.","A",367.080081985605,1.6537265320321,12.9658518256033,40.0151313053236,23.2168157072185,32.9333877099579,NA,0.303782120323036,2584.93927967481,NA,NA,10,0,0.397034940085794,NA,0.0274878219687115,215.761638494253,NA,NA,0,23.2168157072185,32.2868021695362,NA,0.257572767207445,2231.19124249872,NA,NA,10,23.2168157072185,33.4381191786304,NA,0.33912239534228,2876.12040993092,NA,NA,10,"active","filter-cruiser","A","A"
"Eurytemora herdmani","Eurytemora herdmani_A_selectivity","A",381,0,6.7,33,13.5,NA,NA,NA,NA,NA,NA,NA,NA,NA,NA,NA,NA,NA,NA,NA,NA,NA,NA,NA,NA,NA,NA,NA,NA,NA,NA,NA,NA,NA,NA,NA,"active","filter","A","A"
"Euterpina acutifrons","Euterpina acutifrons_A_Fmax.at.15.degreeC..ml.mgC.1.h.1.","A",281.126301936634,1.74063439061482,4.79317356984603,24.6594721917921,6.17550670792349,4.51578682294313,0.103990634253795,0.221092776749429,439.066853510838,0.0454701422113137,NA,18,0,0.0389224060425921,0.0105528972356892,0.002297332306785,23.206870108182,0.00240332349313286,NA,0,6.17550670792349,4.4422984448985,0.0930057115309076,0.218653256443507,408.121210689255,0.0422653847383537,NA,18,6.17550670792349,4.55124139840844,0.120171165188954,0.22466203979677,472.279496816528,0.0489096722105557,NA,18,"passive","filter","A","A"
"Euterpina acutifrons","Euterpina acutifrons_A_Fmax.at.15.degreeC..ml.mgC.1.h.1.","A",281.126301936634,1.74063439061482,4.79317356984603,24.6594721917921,19.27,16.7960409605294,0.0535610273989193,0.221092776749429,229.870182265712,0.116727631329077,24,17.5,0,0.370627733053234,0.00394506058366615,0.002297332306785,10.1107497194666,0.00513421903650925,0,0,19.27,16.2727287846646,0.0479306338138889,0.218653256443507,216.327022855733,0.109850441329673,24,17.5,19.27,17.4703855061477,0.0588895784363604,0.22466203979677,244.31521056676,0.124062788596729,24,17.5,"passive","filter","A","A"
"Labidocera trispinosa","Labidocera trispinosa_A_Fmax.at.15.degreeC..ml.mgC.1.h.1.","A",466.572129148298,0.774683099405269,63.9374515662221,303.432904492848,237.076254961897,604.835276710955,NA,0.430683407819169,8894.69026446224,NA,36,18,0,74.5932447101488,NA,0.00121902806258172,557.805432883725,NA,0,0,237.076254961897,519.942998599598,NA,0.429607244071471,8167.50730431656,NA,36,18,237.076254961897,683.849179306392,NA,0.432125401017938,9798.53722490386,NA,36,18,"active","cruiser","A","A"
"Labidocera trispinosa","Labidocera trispinosa_A_Fmax.at.15.degreeC..ml.mgC.1.h.1.","A",466.572129148298,0.774683099405269,63.9374515662221,303.432904492848,183.179141246936,263.71886525699,NA,0.430683407819169,5722.36754874933,NA,36,18,0,20.8145755555106,NA,0.00121902806258172,358.862154020479,NA,0,0,183.179141246936,245.136698249517,NA,0.429607244071471,5254.5369611271,NA,36,18,183.179141246936,288.207037528547,NA,0.432125401017938,6303.8542966501,NA,36,18,"active","cruiser","A","A"
"Neocalanus cristatus","Neocalanus cristatus_CV_Fmax.at.15.degreeC..ml.mgC.1.h.1.","CV",1998.62017470411,37.4685243256061,11.9496811971309,872.437543925357,11.9496811971309,19.6257991588054,NA,0.460414879425213,120.282963111633,NA,NA,12,0,7.9380588634139e-06,NA,0.00839620850578062,7.81119439762872,NA,NA,0,11.9496811971309,19.6257885456971,NA,0.449501290777226,109.699735328213,NA,NA,12,11.9496811971309,19.625809101803,NA,0.472066900117253,131.184222067242,NA,NA,12,"active","filter","A","C"
"Oithona davisae","Oithona davisae_N_Fmax.at.15.degreeC..ml.mgC.1.h.1.","N",93.5484993888602,0.579983743224418,2.5543,41.6288,16.4193,10.952472879305,0.0167400571062623,0.737638475775405,891.828125948715,0.03720010833028,NA,18,0,5.12949527900686e-06,0.000952687469256166,0.00419646253482511,50.7545538109378,0.00211708382488319,NA,0,16.4193,10.9524638872033,0.0154190359205726,0.731403475452028,821.450536563692,0.0342645046270869,NA,18,16.4193,10.9524765322714,0.0181823516343059,0.743614316204622,968.666600075019,0.0404052097150241,NA,18,"passive","ambusher","P","N"
"Oithona davisae","Oithona davisae_A_Fmax.at.15.degreeC..ml.mgC.1.h.1.","A",175.531424830595,0.792217634746009,2.47,84.3658,12.6230762819094,12.3184660543461,NA,0.612354775398237,911.534070556369,0.0245592805324365,48,18,0,0.00137242787990942,NA,0.000162742193663692,47.0954939345864,0.0012688844934202,0,0,12.6230762819094,12.3177029080329,NA,0.612176963689052,841.547149648837,0.0226736368909208,48,18,12.6230762819094,12.321667362427,NA,0.612591175561904,974.384213525525,0.0262526393903682,48,18,"passive","ambusher","P","A"
"Oithona davisae","Oithona davisae_A_Fmax.at.15.degreeC..ml.mgC.1.h.1.","A",175.531424830595,0.792217634746009,2.47,84.3658,28.5482,30.8789811002439,NA,0.612354775398237,999.259690371839,NA,NA,18,0,0.136292296122263,NA,0.000162742193663692,51.6279426157483,NA,NA,0,28.5482,30.6956110736316,NA,0.612176963689052,922.537260377036,NA,NA,18,28.5482,31.0369905541309,NA,0.612591175561904,1068.15850220106,NA,NA,18,"passive","ambusher","P","A"
"Oithona nana","Oithona nana_N_Fmax.at.15.degreeC..ml.mgC.1.h.1.","N",91.0200277036448,0.953557922929285,7.2,42.1,12,19.0011944535008,0.0784506004754637,0.0865940574548266,1174.03314917127,0.0823872007366483,NA,15,0,2.41647530251929e-05,6.11591116071076e-08,8.07893331835711e-08,0,0,NA,0,12,19.0011555559508,0.0784504947737488,0.0865939444590443,1174.03314917127,0.0823872007366483,NA,15,12,19.0012239119508,0.0784506722373076,0.0865941923785362,1174.03314917127,0.0823872007366483,NA,15,"mixed","ambusher","P","N"
"Oithona nana","Oithona nana_C_Fmax.at.15.degreeC..ml.mgC.1.h.1.","C",129.761209901765,1.32491184574543,7.2,42.1,12,20.5624600346415,0.0945333200099674,0.289732535298219,872.881355932203,0.057361581920904,NA,15,0,0.217335054835579,0.00252964918198532,0.000725981434809437,0,0,NA,0,12,20.4554037850393,0.0896009876488813,0.289375295133286,872.881355932203,0.057361581920904,NA,15,12,20.98400720294,0.0958103833531133,0.29114072904591,872.881355932203,0.057361581920904,NA,15,"mixed","ambusher","P","C"
"Oithona nana","Oithona nana_A_Fmax.at.15.degreeC..ml.mgC.1.h.1.","A",153.509628704178,0.901738257052288,2.37732508144562,185.159272157263,79.1122371679595,50.7821310390048,0.00448417951454904,0.931467015725852,3339.52711077924,0.00896835052590431,24,10,0,4.37994719472083e-05,0.000537603042215683,6.17301900872404e-08,400.371103951139,0.00107520265042533,0,0,79.1122371679595,50.782051441001,0.00385794937162692,0.931466899400746,2873.15111947109,0.00771589075295711,24,10,79.1122371679595,50.7821904239013,0.00524903058466162,0.931467064844725,3909.13768503657,0.0104980483315344,24,10,"mixed","ambusher","P","A"
"Oithona similis","Oithona similis_A_Fmax.at.15.degreeC..ml.mgC.1.h.1.","A",178.769311729142,1.91716581100346,5.63659493414716,22.4135744509561,18.3721423372916,10.6064891657826,NA,3.82807166227933e-08,479.919718067411,NA,NA,8.5,0,2.01173499126253e-08,NA,6.68380788821382e-09,70.218757433796,NA,NA,0,18.3721423372916,10.6064891657826,NA,3.82807165885615e-08,382.030233411919,NA,NA,8.5,18.3721423372916,10.606489170281,NA,3.97752615313387e-08,559.113469156512,NA,NA,8.5,"mixed","ambusher","P","A"
"Oithona similis","Oithona similis_C_Fmax.at.15.degreeC..ml.mgC.1.h.1.","C",178.769311729142,1.17401949731689,6.33587401920854,19.3352664446562,19.3352664446562,34.9638861963236,0.00694919383285107,0.362008438599468,707.68916650297,0.007628834974521,24,19,0,2.7380265573341e-05,0.000556011816907185,7.07720355343451e-08,56.6229201936127,0.000610390739859843,0,0,19.3352664446562,34.96383460307,0.00615257292810762,0.362008340944824,626.562538436167,0.00675429614185909,24,19,19.3352664446562,34.9639213602922,0.00774367737874494,0.362008533127973,788.596078680497,0.00850100528673649,24,19,"mixed","ambusher","P","C"
"Oithona spinirostris","Oithona spinirostris_A_Fmax.at.15.degreeC..ml.mgC.1.h.1.","A",136.426518178537,1.76205010461453,74.0838722740364,355.882379733333,74.0838722740364,84.8832806373257,NA,0.178859746755261,24902.7712036778,NA,NA,8,0,0.000103571243329513,NA,8.24372215851304e-08,3635.07437935204,NA,NA,0,74.0838722740364,84.8831501907352,NA,0.178859624030477,18717.5973252538,NA,NA,8,74.0838722740364,84.8834010184283,NA,0.178859830061395,29268.8457435946,NA,NA,8,"passive","ambusher","P","A"
"Paracalanus crassirostris","Paracalanus crassirostris_A_Fmax.at.15.degreeC..ml.mgC.1.h.1.","A",404.971028727556,4.34300833411334,6.14531790947364,22.2765406101015,6.14531790947364,6.76580777349522,0.0111627547923989,0.00177330619426996,113.851885656477,0.0111524321559493,24,18,0,1.41442327357581e-05,0.000657671616045815,4.69437229045091e-08,6.70776863969316,0.000657063642298371,0,0,6.14531790947364,6.76579392398818,0.0102502454356672,0.0017732542200638,104.544956504577,0.0102407661317258,24,18,6.14531790947364,6.76583324686564,0.0120141752042113,0.0017733733326061,122.53572477548,0.0120030630090919,24,18,"active","filter","A","A"
"Paracalanus parvus","Paracalanus parvus_A_selectivity","A",349.929096861223,1.73717420867415,3.1404,61.9545,31.2632,24.4288945214919,NA,2.13648319615961,NA,NA,NA,25,NA,NA,NA,NA,NA,NA,NA,NA,31.2632,24.4288945214919,NA,2.13648319615961,NA,NA,NA,25,31.2632,24.4288945214919,NA,2.13648319615961,NA,NA,NA,25,"active","filter","A","A"
"Paracartia grani","Paracartia grani_N_Fmax.at.15.degreeC..ml.mgC.1.h.1.","N",99.4617350579412,30.519391823925,2.5,42.9,12.8,10.1485203119768,0.0483015765376534,0.201633985479943,352.861921466817,0.0423193683907213,50,18,0,9.04689592033757e-07,0.00248561858139466,1.06521703749224e-07,18.1583874994913,0.00217776825217653,0,0,12.8,10.1485197791212,0.0439674039261549,0.201633851841172,321.19912906903,0.0385219924364364,50,18,12.8,10.1485219418446,0.0515018625477353,0.201634077486733,376.241304206841,0.0451233000442414,50,18,NA,"mixed","S","N"
"Paramphiascella fulvofasciata","Paramphiascella fulvofasciata_A_Imax.at.15.degreeC..mugC.mugC.1.h.1.","A",313.535095775882,3.36242703155873,8.42,13.4,8.42,5.92818069328272,0.184304381785461,0.331742671949689,NA,0.119860421901107,NA,16.5,0,0.402796327052844,0.0367445462609273,0.00111026276341848,NA,0.0033652380752511,NA,0,8.42,5.54887470760292,0.140302193019805,0.330409703676338,NA,0.115146175610031,NA,16.5,8.42,6.42493505790162,0.235866739290189,0.333711969338317,NA,0.124891280604885,NA,16.5,"active","benthic feeder","A","A"
"Pseudocalanus minutus","Pseudocalanus minutus_A_selectivity","A",414,0,4.5,66,39,NA,NA,NA,NA,NA,NA,NA,NA,NA,NA,NA,NA,NA,NA,NA,NA,NA,NA,NA,NA,NA,NA,NA,NA,NA,NA,NA,NA,NA,NA,NA,"active","filter","A","A"
"Pseudodiaptomus marinus","Pseudodiaptomus marinus_A_selectivity","A",418.542399404635,2.07779538199042,3.0633,66.6334,39.6961,38.9415036892162,NA,1.29346995930211,NA,NA,NA,25,NA,NA,NA,NA,NA,NA,NA,NA,39.6961,38.9415036892162,NA,1.29346995930211,NA,NA,NA,25,39.6961,38.9415036892162,NA,1.29346995930211,NA,NA,NA,25,NA,NA,NA,"A"
"Pseudodiaptomus marinus","Pseudodiaptomus marinus_A_selectivity","A",418.542399404635,2.07779538199042,3.0633,66.6334,20.2735,13.0739359457587,NA,1.29346995930211,NA,NA,NA,25,NA,NA,NA,NA,NA,NA,NA,NA,20.2735,13.0739359457587,NA,1.29346995930211,NA,NA,NA,25,20.2735,13.0739359457587,NA,1.29346995930211,NA,NA,NA,25,NA,NA,NA,"A"
"Rhincalanus nasutus","Rhincalanus nasutus_CI_selectivity","CI",307.566676253023,2.55494533260725,8.42393948619934,381.18265020254,45.7078149734083,34.1581529562073,0.181587582121962,2.81092312025216,NA,0.0907937910746676,NA,12,NA,NA,NA,NA,NA,NA,NA,NA,45.7078149734083,34.1581529562073,0.181587582121962,2.81092312025216,NA,0.0907937910746676,NA,12,45.7078149734083,34.1581529562073,0.181587582121962,2.81092312025216,NA,0.0907937910746676,NA,12,"active","filter","A","C"
"Rhincalanus nasutus","Rhincalanus nasutus_NV-VI_selectivity","NV-VI",308.892411070627,2.56595816412,8.42393948619934,381.18265020254,312.637056718709,91.2906447168843,0.116518698228594,2.58135242062097,NA,0.0529630447935561,NA,12,NA,NA,NA,NA,NA,NA,NA,NA,312.637056718709,91.2906447168843,0.116518698228594,2.58135242062097,NA,0.0529630447935561,NA,12,312.637056718709,91.2906447168843,0.116518698228594,2.58135242062097,NA,0.0529630447935561,NA,12,"active","filter","A","N"
"Rhincalanus nasutus","Rhincalanus nasutus_NIV_selectivity","NIV",260.791657370661,2.16638693079328,8.42393948619934,381.18265020254,20.175452211501,33.2935248515364,0.257249073336032,0.326593700649085,NA,0.128624537355779,NA,12,NA,NA,NA,NA,NA,NA,NA,NA,20.175452211501,33.2935248515364,0.257249073336032,0.326593700649085,NA,0.128624537355779,NA,12,20.175452211501,33.2935248515364,0.257249073336032,0.326593700649085,NA,0.128624537355779,NA,12,"active","filter","A","N"
"Rhincalanus nasutus","Rhincalanus nasutus_CIV_selectivity","CIV",866.536286002199,7.19828580400173,8.42393948619934,381.18265020254,312.637056718709,80.7696249969603,0.00680953433929396,3.33121910237013,NA,0.0151322985124446,NA,12,NA,NA,NA,NA,NA,NA,NA,NA,312.637056718709,80.7696249969603,0.00680953433929396,3.33121910237013,NA,0.0151322985124446,NA,12,312.637056718709,80.7696249969603,0.00680953433929396,3.33121910237013,NA,0.0151322985124446,NA,12,"active","filter","A","C"
"Rhincalanus nasutus","Rhincalanus nasutus_A_Fmax.at.15.degreeC..ml.mgC.1.h.1.","A",1051.70383941268,8.73646601942674,0.8,22,18,10.0975963578433,NA,0.89048612015252,24.649021092538,NA,4,22,0,6.42799313770199e-08,NA,4.57959785731498e-09,2.9217556396359,NA,0,0,18,10.0975963152696,NA,0.890486111854892,21.0105543118563,NA,4,22,18,10.0975964420461,NA,0.890486123882815,30.4176857274661,NA,4,22,"active","filter","A","A"
"Rhincalanus nasutus","Rhincalanus nasutus_CIII_selectivity","CIII",609.25217642416,5.0610359467394,8.42393948619934,381.18265020254,20.175452211501,16.9656799027727,0.0605291937335685,0.327449277942141,NA,0.0302645970248892,NA,12,NA,NA,NA,NA,NA,NA,NA,NA,20.175452211501,16.9656799027727,0.0605291937335685,0.327449277942141,NA,0.0302645970248892,NA,12,20.175452211501,16.9656799027727,0.0605291937335685,0.327449277942141,NA,0.0302645970248892,NA,12,"active","filter","A","C"
"Rhincalanus nasutus","Rhincalanus nasutus_CV_selectivity","CV",952.77635028255,7.91467892045096,8.42393948619934,381.18265020254,312.637056718709,108.967196645596,0.0605291767943178,1.40975270498191,NA,0.0302645970248892,NA,12,NA,NA,NA,NA,NA,NA,NA,NA,312.637056718709,108.967196645596,0.0605291767943178,1.40975270498191,NA,0.0302645970248892,NA,12,312.637056718709,108.967196645596,0.0605291767943178,1.40975270498191,NA,0.0302645970248892,NA,12,"active","filter","A","C"
"Rhincalanus nasutus","Rhincalanus nasutus_NII-III_selectivity","NII-III",174.241546181372,1.44741826580763,8.42393948619934,381.18265020254,45.7078149734083,45.6547259744126,0.0453998066092369,3.59220244988027e-09,NA,0.0453968955373338,NA,12,NA,NA,NA,NA,NA,NA,NA,NA,45.7078149734083,45.6547259744126,0.0453998066092369,3.59220244988027e-09,NA,0.0453968955373338,NA,12,45.7078149734083,45.6547259744126,0.0453998066092369,3.59220244988027e-09,NA,0.0453968955373338,NA,12,"active","filter","A","N"
"Rhincalanus nasutus","Rhincalanus nasutus_A_selectivity","A",1378.33076284311,11.4497441407402,8.42393948619934,381.18265020254,312.637056718709,191.560046878219,0.0151322977984793,1.08662640589169,NA,0.0075661492562223,NA,12,NA,NA,NA,NA,NA,NA,NA,NA,312.637056718709,191.560046878219,0.0151322977984793,1.08662640589169,NA,0.0075661492562223,NA,12,312.637056718709,191.560046878219,0.0151322977984793,1.08662640589169,NA,0.0075661492562223,NA,12,"active","filter","A","A"
"Rhincalanus nasutus","Rhincalanus nasutus_CII_selectivity","CII",387.509729657385,3.21902940588253,8.42393948619934,381.18265020254,45.7078149734083,30.0251914766974,0.124093681496989,2.2574675446613,NA,0.0907937910746676,NA,12,NA,NA,NA,NA,NA,NA,NA,NA,45.7078149734083,30.0251914766974,0.124093681496989,2.2574675446613,NA,0.0907937910746676,NA,12,45.7078149734083,30.0251914766974,0.124093681496989,2.2574675446613,NA,0.0907937910746676,NA,12,"active","filter","A","C"
"Temora longicornis","Temora longicornis_N_Fmax.at.15.degreeC..ml.mgC.1.h.1.","N",141.534398313817,0.972550235309754,7.8,39.8,11.7,17.2014903190483,0.0195414748647099,0.169974107746818,896.442914515204,0.0302560240963855,NA,15,0,5.95547531662407e-07,2.5441992641971e-08,2.42847094305954e-08,0,0,NA,0,11.7,17.2014888001455,0.019541420745298,0.169974057333575,896.442914515204,0.0302560240963855,NA,15,11.7,17.2014905176627,0.0195414877681429,0.169974119420013,896.442914515204,0.0302560240963855,NA,15,"active","filter","A","N"
"Temora longicornis","Temora longicornis_A_Fmax.at.15.degreeC..ml.mgC.1.h.1.","A",440.117651860025,5.39960274452236,6.1,58.5,28.6,32.8644717303095,0.050471568105262,1.69110311358922,1071.9299854058,0.0176328108705317,1,16,0,0.0711015461975183,0.000561863292713067,0.00517131189566265,20.9248244963949,0.000344204824818219,0,0,28.6,32.7285539521257,0.0498105573074713,1.68185262571414,1050.77778342607,0.0172848657788916,1,16,28.6,32.9348532336333,0.0514646817338223,1.69647136754046,1109.63252294193,0.0182530022288899,1,16,"active","filter","A","A"
"Temora longicornis","Temora longicornis_A_Fmax.at.15.degreeC..ml.mgC.1.h.1.","A",440.117651860025,5.39960274452236,6.1,58.5,11.9,13.88295391701,0.0980647636032444,1.69110311358922,1268.79899998095,0.0490652128571317,1,16,0,0.00632120554525156,0.00194884448344941,0.00517131189566265,24.7678456217007,0.000957787338624612,0,0,11.9,13.8733779274881,0.0960530102826869,1.68185262571414,1243.76201707659,0.0480970178195244,1,16,11.9,13.8909593265917,0.101558281887667,1.69647136754046,1313.42592764776,0.0507909627238676,1,16,"active","filter","A","A"
"Temora longicornis","Temora longicornis_C_selectivity","C",558,0,6.5,33,15,NA,NA,NA,NA,NA,NA,NA,NA,NA,NA,NA,NA,NA,NA,NA,NA,NA,NA,NA,NA,NA,NA,NA,NA,NA,NA,NA,NA,NA,NA,NA,"active","filter","A","C"
"Temora longicornis","Temora longicornis_C_Fmax.at.15.degreeC..ml.mgC.1.h.1.","C",193.616606125693,1.24180958789074,11.7,39.8,11.7,7.22230976165998,0.0234914678040617,0.0183955051580976,1035.15625,0.022662109375,NA,15,0,0.162597976978349,8.61044129198082e-05,0.000100960645214018,0,0,NA,0,11.7,7.1540122381977,0.0233800339728885,0.0183477804768071,1035.15625,0.022662109375,NA,15,11.7,7.51485056766931,0.0235388531079454,0.018557718492533,1035.15625,0.022662109375,NA,15,"active","filter","A","C"
"Tortanus dextrilobatus","Tortanus dextrilobatus_A_Fmax.at.15.degreeC..ml.mgC.1.h.1.","A",697.989932304677,10.8756633558684,146.961011702052,362.033865430164,355.405278115138,474.903277385678,0.0772364543790554,0.11017880407659,942.110811118275,0.0649648759876991,4,15.25,11.7793087715504,151.634171507397,0.0201449493175135,0.0448899719521041,26.4133104255168,0.00942650310103248,0,2.2213082915966,335.519516170062,289.518380176659,0.0482267759598631,0.03257130090312,913.342336712335,0.0476606387289658,4,14,362.033865430164,590.613270530983,0.0922344544397549,0.153751578878781,994.33134152494,0.0709068791049128,4,19,"active","cruiser","A","A"
"Tortanus forcipatus","Tortanus forcipatus_A_Fmax.at.15.degreeC..ml.mgC.1.h.1.","A",462.712540325039,3.44361899672614,108.281799236484,236.166430350914,236.166430350914,213.362908384063,0.0565492345345724,5.76039933158892e-08,733.765871381198,0.0560620284300533,0,21,0,1.18561974362599e-05,0.00636346467707403,1.76163368624811e-10,82.5704045649741,0.0063086395112505,0,0,236.166430350914,213.362908384063,0.0485315729355639,5.76039930970828e-08,629.731102901293,0.0481134437714947,0,21,236.166430350914,213.36291103519,0.0659573780205266,5.76433849581651e-08,855.843111874632,0.0653891148947355,0,21,"active","cruiser","A","A"
"Tortanus spp","Tortanus spp_CI-III_selectivity","CI-III",259.411796638198,1.45284978618053,113.954596435744,481.279119256867,113.954596435744,123.815139109795,0.021058732055994,1.90672513998977,879,0.0149236293812862,20,25,NA,NA,NA,NA,NA,NA,NA,NA,113.954596435744,123.815139109795,0.021058732055994,1.90672513998977,879,0.0149236293812862,20,25,113.954596435744,123.815139109795,0.021058732055994,1.90672513998977,879,0.0149236293812862,20,25,NA,NA,NA,"C"
"Tortanus spp","Tortanus spp_A_selectivity","A",412.334455662637,1.63861407555067,113.954596435744,481.279119256867,113.954596435744,176.29230083711,0.0171500964855401,1.99876374336874,580,0.0116255603970232,20,25,NA,NA,NA,NA,NA,NA,NA,NA,113.954596435744,176.29230083711,0.0171500964855401,1.99876374336874,580,0.0116255603970232,20,25,113.954596435744,176.29230083711,0.0171500964855401,1.99876374336874,580,0.0116255603970232,20,25,NA,NA,NA,"A"
"Tortanus spp","Tortanus spp_CIV-V_selectivity","CIV-V",328.317298342159,1.83875877225831,113.954596435744,481.279119256867,113.954596435744,137.357321189803,0.0218827506705865,2.58032042583572,697,0.0128088908680635,20,25,NA,NA,NA,NA,NA,NA,NA,NA,113.954596435744,137.357321189803,0.0218827506705865,2.58032042583572,697,0.0128088908680635,20,25,113.954596435744,137.357321189803,0.0218827506705865,2.58032042583572,697,0.0128088908680635,20,25,NA,NA,NA,"C"
"Trigriopus brevicornis","Trigriopus brevicornis_A_Imax.at.15.degreeC..mugC.mugC.1.h.1.","A",335.840585150434,3.60163655366834,8.42,13.4,8.42,5.5005050309897,0.27268600651838,0.374359467287663,NA,0.136344733773611,NA,16.5,0,0,0.00774700577230962,6.97531879409511e-17,NA,0.00387355205004622,NA,0,8.42,5.5005050309897,0.262963433341514,0.374359467287662,NA,0.131483385483981,NA,16.5,8.42,5.5005050309897,0.28318941969524,0.374359467287663,NA,0.14159650701859,NA,16.5,"active","benthic feeder","A","A"
